,variety,description,points,price
0,Abouriou,3,87.66666666666667,35.0
1,Agiorgitiko,63,87.03174603174604,23.571428571428573
2,Aglianico,292,89.38356164383562,38.85958904109589
3,Aidani,1,82.0,27.0
4,Airen,3,81.66666666666667,9.0
5,Albana,19,89.26315789473684,23.473684210526315
6,Albanello,1,86.0,20.0
7,Albariño,474,87.72573839662448,21.29746835443038
8,Albarossa,2,88.0,40.0
9,Aleatico,4,85.75,39.75
10,Alfrocheiro,15,88.86666666666666,26.666666666666668
11,Alicante,5,87.4,23.0
12,Alicante Bouschet,46,89.56521739130434,31.91304347826087
13,Aligoté,29,86.51724137931035,19.655172413793103
14,Alsace white blend,47,90.51063829787235,30.085106382978722
15,Altesse,8,88.75,17.875
16,Alvarelhão,2,86.5,21.0
17,Alvarinho,116,88.52586206896552,19.344827586206897
18,Alvarinho-Chardonnay,4,86.75,11.25
19,Ansonica,2,86.5,26.0
20,Antão Vaz,17,87.70588235294117,19.764705882352942
21,Aragonez,6,88.0,23.5
22,Aragonês,7,89.14285714285714,29.571428571428573
23,Argaman,3,88.33333333333333,40.666666666666664
24,Arinto,63,87.2063492063492,15.825396825396826
25,Arneis,80,87.3125,20.7625
26,Asprinio,1,84.0,15.0
27,Assyrtico,43,88.04651162790698,23.53488372093023
28,Assyrtiko,17,89.17647058823529,23.235294117647058
29,Athiri,1,83.0,18.0
30,Austrian Red Blend,54,89.79629629629629,35.166666666666664
31,Austrian white blend,59,90.35593220338983,32.69491525423729
32,Auxerrois,21,89.0952380952381,22.80952380952381
33,Avesso,6,88.0,16.333333333333332
34,Azal,3,86.0,13.666666666666666
35,Babić,4,88.5,35.0
36,Babosa Negro,1,92.0,45.0
37,Baco Noir,16,86.125,25.75
38,Baga,26,90.46153846153847,37.19230769230769
39,Baga-Touriga Nacional,2,91.0,40.0
40,Barbera,615,87.75284552845528,26.11382113821138
41,Barbera-Nebbiolo,1,87.0,30.0
42,Bastardo,1,86.0,32.0
43,Biancale,1,85.0,18.0
44,Biancolella,1,85.0,26.0
45,Bical,12,86.5,15.25
46,Black Muscat,10,88.3,19.3
47,Blanc du Bois,6,85.0,27.0
48,Blatina,1,88.0,12.0
49,Blauburger,1,87.0,17.0
50,Blauburgunder,1,93.0,19.0
51,Blauer Portugieser,2,86.5,15.5
52,Blaufränkisch,204,90.07843137254902,31.975490196078432
53,Bobal,21,85.9047619047619,19.19047619047619
54,Bobal-Cabernet Sauvignon,1,84.0,9.0
55,Bombino Bianco,1,88.0,30.0
56,Bombino Nero,1,87.0,11.0
57,Bonarda,105,86.5047619047619,16.62857142857143
58,Bordeaux-style Red Blend,5326,88.79928651896357,47.24690199023657
59,Bordeaux-style White Blend,695,87.90791366906475,34.72086330935252
60,Bovale,4,89.75,30.0
61,Boğazkere,4,89.75,25.75
62,Brachetto,9,84.44444444444444,19.77777777777778
63,Braucol,5,90.6,27.0
64,Bual,6,94.33333333333333,100.0
65,Cabernet,9,86.77777777777777,16.77777777777778
66,Cabernet Blend,80,88.5,50.75
67,Cabernet Franc,1297,88.15111796453354,34.90979182729375
68,Cabernet Franc-Cabernet Sauvignon,15,89.26666666666667,28.733333333333334
69,Cabernet Franc-Carmenère,2,86.0,12.0
70,Cabernet Franc-Lemberger,2,87.0,20.0
71,Cabernet Franc-Malbec,4,91.0,58.5
72,Cabernet Franc-Merlot,18,89.5,45.94444444444444
73,Cabernet Merlot,17,86.76470588235294,23.352941176470587
74,Cabernet Moravia,1,88.0,18.0
75,Cabernet Pfeffer,2,87.5,30.0
76,Cabernet Sauvignon,9361,88.61980557632731,48.01922871488089
77,Cabernet Sauvignon Grenache,2,88.0,18.5
78,Cabernet Sauvignon-Barbera,1,84.0,45.0
79,Cabernet Sauvignon-Cabernet Franc,21,88.95238095238095,43.57142857142857
80,Cabernet Sauvignon-Carmenère,40,87.3,25.025
81,Cabernet Sauvignon-Malbec,18,87.11111111111111,38.55555555555556
82,Cabernet Sauvignon-Merlot,114,87.67543859649123,27.30701754385965
83,Cabernet Sauvignon-Merlot-Shiraz,3,89.66666666666667,16.666666666666668
84,Cabernet Sauvignon-Sangiovese,7,88.85714285714286,40.285714285714285
85,Cabernet Sauvignon-Shiraz,24,88.375,29.791666666666668
86,Cabernet Sauvignon-Syrah,101,88.9009900990099,35.881188118811885
87,Cabernet Sauvignon-Tempranillo,15,86.2,14.733333333333333
88,Cabernet-Malbec,1,86.0,11.0
89,Cabernet-Shiraz,2,91.0,83.5
90,Cabernet-Syrah,12,89.16666666666667,26.666666666666668
91,Canaiolo,3,88.33333333333333,40.666666666666664
92,Cannonau,28,87.78571428571429,25.25
93,Caprettone,1,92.0,19.0
94,Carcajolu,1,88.0,21.0
95,Carignan,77,88.94805194805195,46.01298701298701
96,Carignan-Grenache,9,89.11111111111111,29.555555555555557
97,Carignan-Syrah,3,91.0,59.0
98,Carignane,29,88.86206896551724,27.24137931034483
99,Carignano,14,90.35714285714286,36.785714285714285
100,Carineña,5,86.2,22.2
101,Cariñena-Garnacha,2,89.5,31.0
102,Carmenère,566,86.60247349823321,21.508833922261484
103,Carmenère-Cabernet Sauvignon,7,88.85714285714286,27.142857142857142
104,Carmenère-Syrah,7,87.14285714285714,23.0
105,Carricante,35,89.88571428571429,40.542857142857144
106,Casavecchia,5,87.0,46.4
107,Castelão,31,87.64516129032258,16.806451612903224
108,Catalanesca,1,89.0,19.0
109,Catarratto,23,86.69565217391305,20.869565217391305
110,Cayuga,2,84.5,16.0
111,Centesimino,1,92.0,36.0
112,Cerceal,3,89.66666666666667,44.666666666666664
113,Cercial,1,88.0,50.0
114,Cesanese,2,90.0,20.0
115,Cesanese d'Affile,8,88.125,22.125
116,Chambourcin,16,83.4375,18.5
117,Champagne Blend,428,91.5303738317757,98.2733644859813
118,Chancellor,2,80.5,16.0
119,Charbono,26,88.1923076923077,34.30769230769231
120,Chardonel,1,83.0,11.0
121,Chardonnay,10821,88.28259865077165,34.15386747990019
122,Chardonnay Weissburgunder,2,92.0,41.5
123,Chardonnay-Albariño,2,91.5,31.0
124,Chardonnay-Pinot Blanc,5,88.6,34.2
125,Chardonnay-Pinot Gris,1,85.0,17.0
126,Chardonnay-Riesling,1,87.0,24.0
127,Chardonnay-Sauvignon,6,86.33333333333333,13.666666666666666
128,Chardonnay-Sauvignon Blanc,6,87.83333333333333,13.333333333333334
129,Chardonnay-Semillon,7,86.71428571428571,18.857142857142858
130,Chardonnay-Viognier,31,85.41935483870968,16.0
131,Chasselas,7,89.0,21.714285714285715
132,Chelois,2,85.0,22.5
133,Chenin Blanc,518,88.42664092664093,23.333976833976834
134,Chenin Blanc-Chardonnay,16,88.0625,13.8125
135,Chenin Blanc-Sauvignon Blanc,6,84.83333333333333,10.5
136,Chenin Blanc-Viognier,13,87.53846153846153,15.76923076923077
137,Chinuri,2,85.5,23.0
138,Ciliegiolo,3,87.66666666666667,30.666666666666668
139,Cinsault,40,88.925,27.05
140,Clairette,2,88.5,21.0
141,Claret,33,88.18181818181819,50.06060606060606
142,Cococciola,1,86.0,20.0
143,Coda di Volpe,14,85.42857142857143,19.642857142857142
144,Colombard,23,87.0,16.52173913043478
145,Colombard-Sauvignon Blanc,15,85.46666666666667,11.0
146,Colombard-Ugni Blanc,8,85.125,10.25
147,Colorino,1,86.0,40.0
148,Cortese,66,86.43939393939394,21.681818181818183
149,Corvina,20,88.85,43.3
150,Corvina-Rondinella-Molinara,496,88.49596774193549,47.90725806451613
151,Counoise,12,88.83333333333333,31.083333333333332
152,Códega do Larinho,4,87.75,18.0
153,Dafni,1,85.0,20.0
154,Debit,1,89.0,35.0
155,Diamond,1,86.0,10.0
156,Dolcetto,168,87.10714285714286,21.94047619047619
157,Dornfelder,26,86.65384615384616,15.884615384615385
158,Doña Blanca,1,84.0,53.0
159,Duras,6,88.16666666666667,21.333333333333332
160,Durella,6,89.66666666666667,32.5
161,Durif,2,86.0,32.5
162,Edelzwicker,4,88.75,19.75
163,Elbling,4,87.75,16.0
164,Emir,4,86.75,16.0
165,Encruzado,34,89.82352941176471,24.147058823529413
166,Erbaluce,3,88.0,28.666666666666668
167,Falanghina,70,87.21428571428571,20.271428571428572
168,Favorita,1,90.0,40.0
169,Fer Servadou,4,87.0,16.5
170,Fernão Pires,26,87.34615384615384,21.26923076923077
171,Feteasca,2,87.5,17.5
172,Feteasca Neagra,7,87.85714285714286,15.285714285714286
173,Feteascǎ Regalǎ,6,86.83333333333333,10.166666666666666
174,Fiano,129,88.40310077519379,27.651162790697676
175,Folle Blanche,1,85.0,16.0
176,Forcallà,1,83.0,27.0
177,Francisa,1,91.0,160.0
178,Franconia,1,86.0,16.0
179,Frankovka,1,88.0,24.0
180,Frappato,33,87.60606060606061,23.060606060606062
181,Freisa,2,86.5,21.0
182,Friulano,112,88.01785714285714,23.714285714285715
183,Früburgunder,1,90.0,40.0
184,Fumé Blanc,70,87.95714285714286,22.7
185,Furmint,52,89.84615384615384,46.40384615384615
186,G-S-M,180,88.95555555555555,34.46111111111111
187,Gaglioppo,14,86.64285714285714,21.214285714285715
188,Gamay,832,88.18389423076923,20.689903846153847
189,Gamay Noir,22,87.72727272727273,23.0
190,Gamza,1,89.0,11.0
191,Garganega,217,87.61290322580645,20.62672811059908
192,Garnacha,320,85.978125,23.375
193,Garnacha Blanca,38,86.21052631578948,18.710526315789473
194,Garnacha Blend,2,87.5,19.0
195,Garnacha Tintorera,8,87.125,16.75
196,Garnacha-Cabernet,1,85.0,13.0
197,Garnacha-Cariñena,1,93.0,57.0
198,Garnacha-Monastrell,3,87.0,11.666666666666666
199,Garnacha-Syrah,13,84.61538461538461,13.23076923076923
200,Garnacha-Tempranillo,6,86.33333333333333,11.0
201,Gelber Muskateller,21,88.80952380952381,26.047619047619047
202,Gelber Traminer,1,95.0,35.0
203,Gewürztraminer,952,88.61659663865547,26.331932773109244
204,Gewürztraminer-Riesling,7,86.57142857142857,23.714285714285715
205,Glera,257,88.1828793774319,22.69260700389105
206,Godello,77,86.88311688311688,22.506493506493506
207,Gouveio,2,88.5,22.5
208,Graciano,42,88.54761904761905,46.30952380952381
209,Gragnano,2,82.5,16.5
210,Grauburgunder,11,88.72727272727273,24.545454545454547
211,Graševina,1,89.0,20.0
212,Grecanico,7,87.42857142857143,21.142857142857142
213,Grechetto,11,86.9090909090909,16.818181818181817
214,Greco,108,88.52777777777777,25.98148148148148
215,Greco Bianco,2,86.0,16.5
216,Grenache,643,88.9860031104199,35.813374805598755
217,Grenache Blanc,128,88.8046875,25.1171875
218,Grenache Blend,10,86.7,22.7
219,Grenache Gris,1,87.0,22.0
220,Grenache Noir,3,89.0,28.333333333333332
221,Grenache-Carignan,17,89.76470588235294,27.823529411764707
222,Grenache-Mourvèdre,6,88.0,33.166666666666664
223,Grenache-Shiraz,4,88.0,25.5
224,Grenache-Syrah,50,88.58,31.04
225,Grignolino,1,85.0,17.0
226,Grillo,106,86.90566037735849,17.67924528301887
227,Grolleau,3,87.33333333333333,39.333333333333336
228,Groppello,2,87.0,23.0
229,Gros Manseng,22,88.13636363636364,18.045454545454547
230,Gros Plant,1,86.0,16.0
231,Gros and Petit Manseng,42,89.64285714285714,20.928571428571427
232,Grüner Veltliner,1142,90.01751313485114,27.80735551663748
233,Hondarrabi Zuri,17,86.17647058823529,21.176470588235293
234,Hárslevelü,2,89.5,28.0
235,Incrocio Manzoni,3,88.0,26.333333333333332
236,Insolia,26,86.65384615384616,16.884615384615383
237,Inzolia,27,85.96296296296296,14.925925925925926
238,Irsai Oliver,1,87.0,13.0
239,Jacquez,3,85.0,34.333333333333336
240,Jacquère,23,87.6086956521739,16.869565217391305
241,Jaen,6,89.83333333333333,31.0
242,Jampal,1,88.0,25.0
243,Johannisberg Riesling,8,86.25,8.875
244,Kadarka,2,88.0,24.0
245,Kalecik Karasi,15,89.13333333333334,24.8
246,Kangoun,1,87.0,14.0
247,Karalahna,1,87.0,15.0
248,Karasakiz,1,89.0,15.0
249,Kekfrankos,10,87.2,29.5
250,Kerner,26,88.84615384615384,23.346153846153847
251,Kinali Yapincak,1,84.0,15.0
252,Kisi,6,87.33333333333333,20.166666666666668
253,Kotsifali,1,92.0,13.0
254,Kuntra,1,86.0,15.0
255,Lagrein,78,88.56410256410257,32.87179487179487
256,Lambrusco,23,84.8695652173913,17.17391304347826
257,Lambrusco Grasparossa,9,86.88888888888889,19.444444444444443
258,Lambrusco Salamino,2,90.0,23.0
259,Lambrusco di Sorbara,15,89.93333333333334,21.4
260,Lemberger,35,87.25714285714285,21.771428571428572
261,Listán Negro,3,87.66666666666667,28.333333333333332
262,Loin de l'Oeil,6,90.83333333333333,27.333333333333332
263,Loureiro,24,87.25,12.875
264,Loureiro-Arinto,1,86.0,10.0
265,Macabeo,20,85.55,18.5
266,Macabeo-Chardonnay,3,85.66666666666667,11.0
267,Macabeo-Moscatel,1,85.0,8.0
268,Madeleine Angevine,2,85.5,17.5
269,Magliocco,2,90.0,30.0
270,Malagousia,12,88.5,20.583333333333332
271,Malagouzia,4,88.5,20.0
272,Malagouzia-Chardonnay,1,86.0,8.0
273,Malbec,2586,87.9752513534416,29.953596287703018
274,Malbec Blend,2,90.5,66.5
275,Malbec-Bonarda,4,87.5,20.25
276,Malbec-Cabernet,3,91.66666666666667,113.33333333333333
277,Malbec-Cabernet Franc,11,88.36363636363636,38.0
278,Malbec-Cabernet Sauvignon,58,88.44827586206897,41.258620689655174
279,Malbec-Carménère,1,91.0,43.0
280,Malbec-Merlot,86,88.30232558139535,19.686046511627907
281,Malbec-Petit Verdot,2,91.0,49.0
282,Malbec-Syrah,19,85.52631578947368,18.105263157894736
283,Malbec-Tannat,16,90.6875,33.9375
284,Malbec-Tempranillo,2,86.5,11.0
285,Malvar,2,84.5,23.5
286,Malvasia,39,86.82051282051282,24.487179487179485
287,Malvasia Bianca,16,88.5625,22.75
288,Malvasia Fina,2,88.0,23.5
289,Malvasia Istriana,8,86.75,20.75
290,Malvasia Nera,6,87.16666666666667,39.333333333333336
291,Malvasia di Candia,2,87.0,22.5
292,Malvasia-Viura,3,85.0,17.666666666666668
293,Mandilaria,1,90.0,25.0
294,Mansois,3,87.33333333333333,17.0
295,Mantonico,5,88.4,27.8
296,Manzoni,5,86.8,22.6
297,Marawi,3,87.66666666666667,35.0
298,Maria Gomes,2,88.0,11.0
299,Maria Gomes-Bical,1,86.0,25.0
300,Marquette,2,84.5,18.0
301,Marsanne,65,88.13846153846154,33.01538461538462
302,Marsanne-Roussanne,22,87.4090909090909,30.40909090909091
303,Marsanne-Viognier,2,86.5,27.5
304,Marselan,4,88.75,34.0
305,Marzemino,3,86.33333333333333,52.333333333333336
306,Mataro,10,89.5,48.1
307,Maturana,6,86.5,57.5
308,Mauzac,4,88.0,17.25
309,Mavrodaphne,1,88.0,30.0
310,Mavrokalavryta,1,86.0,15.0
311,Mavrotragano,1,90.0,50.0
312,Mavroudi,1,87.0,12.0
313,Mavrud,7,87.85714285714286,14.142857142857142
314,Mazuelo,4,87.75,78.25
315,Melon,241,88.55186721991701,17.1701244813278
316,Mencía,172,88.74418604651163,28.203488372093023
317,Meritage,258,87.57751937984496,35.53488372093023
318,Merlot,3044,87.21452036793693,29.633377135348226
319,Merlot-Argaman,1,85.0,12.0
320,Merlot-Cabernet,11,88.0909090909091,22.545454545454547
321,Merlot-Cabernet Franc,22,88.86363636363636,38.72727272727273
322,Merlot-Cabernet Sauvignon,33,87.3030303030303,31.575757575757574
323,Merlot-Grenache,1,89.0,10.0
324,Merlot-Malbec,6,87.0,28.666666666666668
325,Merlot-Petite Verdot,1,83.0,20.0
326,Merlot-Shiraz,1,86.0,18.0
327,Merlot-Syrah,2,88.5,21.0
328,Merlot-Tannat,3,89.33333333333333,18.333333333333332
329,Merseguera-Sauvignon Blanc,1,85.0,9.0
330,Meseguera,1,91.0,35.0
331,Misket,1,85.0,19.0
332,Mission,5,88.0,16.8
333,Monastrell,144,87.25,20.01388888888889
334,Monastrell-Petit Verdot,2,88.0,19.5
335,Monastrell-Syrah,21,86.23809523809524,18.761904761904763
336,Mondeuse,13,87.3076923076923,25.846153846153847
337,Monica,4,86.5,16.0
338,Montepulciano,200,86.88,25.48
339,Morava,1,87.0,26.0
340,Morillon,6,89.5,31.0
341,Morio Muskat,2,87.0,17.0
342,Moscadello,3,89.33333333333333,40.0
343,Moscatel,47,88.46808510638297,36.851063829787236
344,Moscatel Graúdo,2,87.5,13.0
345,Moscatel Roxo,4,89.25,22.0
346,Moscatel de Alejandría,3,85.33333333333333,18.666666666666668
347,Moscato,274,86.65328467153284,18.01094890510949
348,Moscato Giallo,13,87.15384615384616,22.53846153846154
349,Moscato Rosa,2,90.0,33.5
350,Moscato di Noto,1,92.0,40.0
351,Moschofilero,35,88.17142857142858,15.142857142857142
352,Moschofilero-Chardonnay,1,85.0,13.0
353,Mourvèdre,226,89.26991150442478,35.07079646017699
354,Mourvèdre-Syrah,3,91.0,43.666666666666664
355,Mtsvane,3,88.0,17.666666666666668
356,Muscadel,1,88.0,30.0
357,Muscadelle,4,90.25,37.5
358,Muscadine,2,85.5,22.5
359,Muscat,106,88.31132075471699,23.754716981132077
360,Muscat Blanc,12,88.41666666666667,21.0
361,Muscat Blanc à Petits Grains,1,87.0,20.0
362,Muscat Canelli,34,87.41176470588235,19.470588235294116
363,Muscat Hamburg,2,88.0,22.0
364,Muscat d'Alexandrie,6,86.66666666666667,19.166666666666668
365,Muscatel,3,87.33333333333333,17.666666666666668
366,Muskat,3,89.0,18.0
367,Muskat Ottonel,21,86.23809523809524,14.80952380952381
368,Muskateller,5,86.8,26.0
369,Müller-Thurgau,43,86.86046511627907,20.348837209302324
370,Narince,7,87.14285714285714,21.285714285714285
371,Nascetta,4,87.75,27.0
372,Nasco,2,90.5,37.5
373,Nebbiolo,2331,90.33118833118833,65.6096096096096
374,Negrette,16,87.625,20.5625
375,Negroamaro,73,86.71232876712328,19.027397260273972
376,Nerello Cappuccio,6,89.83333333333333,36.833333333333336
377,Nerello Mascalese,105,89.71428571428571,40.49523809523809
378,Nero d'Avola,326,87.50920245398773,23.334355828220858
379,Nero di Troia,18,87.77777777777777,28.444444444444443
380,Neuburger,7,90.71428571428571,24.714285714285715
381,Nielluciu,3,89.0,23.333333333333332
382,Norton,13,84.07692307692308,27.0
383,Nosiola,8,88.125,30.875
384,Nuragus,3,88.33333333333333,16.0
385,Okuzgozu,8,89.5,23.875
386,Ondenc,1,90.0,15.0
387,Orange Muscat,16,88.125,20.3125
388,Orangetraube,1,90.0,22.0
389,Pallagrello,9,87.77777777777777,35.77777777777778
390,Pallagrello Bianco,5,87.6,31.6
391,Pallagrello Nero,5,87.8,41.0
392,Pansa Blanca,14,85.57142857142857,17.785714285714285
393,Papaskarasi,3,86.66666666666667,21.333333333333332
394,Paralleda,1,83.0,11.0
395,Parraleta,1,86.0,14.0
396,Passerina,19,85.94736842105263,16.473684210526315
397,País,1,83.0,18.0
398,Pecorino,45,87.28888888888889,19.77777777777778
399,Pedro Ximénez,25,89.08,29.84
400,Perricone,7,88.71428571428571,27.285714285714285
401,Petit Courbu,1,88.0,19.0
402,Petit Manseng,50,89.52,30.9
403,Petit Verdot,264,88.3219696969697,39.67424242424242
404,Petite Sirah,767,88.19817470664928,31.473272490221643
405,Petite Verdot,30,88.63333333333334,45.0
406,Picapoll,1,82.0,21.0
407,Picolit,22,91.5,70.0909090909091
408,Picpoul,17,87.82352941176471,20.470588235294116
409,Piedirosso,12,87.16666666666667,21.416666666666668
410,Pigato,2,84.0,23.0
411,Pignoletto,3,83.66666666666667,16.333333333333332
412,Pignolo,1,92.0,70.0
413,Pinot Auxerrois,10,87.5,27.1
414,Pinot Blanc,522,88.04980842911877,21.8639846743295
415,Pinot Blanc-Chardonnay,2,88.0,22.0
416,Pinot Blanc-Pinot Noir,1,85.0,16.0
417,Pinot Blanc-Viognier,1,87.0,19.0
418,Pinot Gris,2371,87.59215520877267,20.371151412905945
419,Pinot Gris-Gewürztraminer,1,90.0,20.0
420,Pinot Gris-Sauvignon Blanc,1,87.0,35.0
421,Pinot Meunier,29,88.55172413793103,35.41379310344828
422,Pinot Noir,12783,89.41578659156693,47.518735821012285
423,Pinot Noir-Gamay,16,85.875,18.9375
424,Pinot Noir-Syrah,3,88.0,38.666666666666664
425,Pinot-Chardonnay,5,89.4,30.4
426,Pinotage,132,87.24242424242425,24.401515151515152
427,Pinotage-Merlot,1,84.0,10.0
428,Piquepoul Blanc,1,88.0,13.0
429,Plavac Mali,17,87.58823529411765,34.0
430,Plyto,2,87.0,19.5
431,Port,304,90.85526315789474,77.70723684210526
432,Portuguese Red,2192,88.87089416058394,24.842153284671532
433,Portuguese Rosé,11,84.72727272727273,17.09090909090909
434,Portuguese Sparkling,27,86.51851851851852,21.555555555555557
435,Portuguese White,979,86.95505617977528,15.338100102145045
436,Portuguiser,2,86.0,15.0
437,Posip,8,87.875,25.125
438,Poulsard,3,87.33333333333333,26.0
439,Premsal,1,83.0,15.0
440,Prieto Picudo,15,86.13333333333334,39.4
441,Primitivo,203,86.96551724137932,24.985221674876847
442,Prié Blanc,5,88.2,24.2
443,Prosecco,34,86.94117647058823,23.529411764705884
444,Provence red blend,59,90.11864406779661,29.93220338983051
445,Provence white blend,34,88.0,23.647058823529413
446,Prugnolo Gentile,32,88.71875,47.53125
447,Prunelard,1,91.0,23.0
448,Pugnitello,3,87.66666666666667,49.0
449,Rabigato,2,89.0,34.0
450,Raboso,12,87.16666666666667,28.166666666666668
451,Ramisco,1,93.0,495.0
452,Rara Neagra,2,89.5,17.5
453,Rebo,2,88.0,27.0
454,Rebula,3,88.0,22.666666666666668
455,Red Blend,8247,88.45070934885413,36.29368255123075
456,Refosco,9,86.55555555555556,28.22222222222222
457,Rhône-style Red Blend,1394,89.14921090387375,34.99569583931133
458,Rhône-style White Blend,417,88.48920863309353,32.47002398081535
459,Ribolla Gialla,76,87.59210526315789,27.56578947368421
460,Rieslaner,4,88.75,39.0
461,Riesling,4947,89.44996967859309,32.06893066504953
462,Riesling-Chardonnay,1,94.0,40.0
463,Rivaner,3,86.66666666666667,16.333333333333332
464,Rkatsiteli,32,86.5,21.125
465,Robola,4,87.75,23.0
466,Roditis,4,86.5,16.75
467,Roditis-Moschofilero,1,88.0,11.0
468,Rolle,4,88.25,22.25
469,Romorantin,3,90.66666666666667,23.333333333333332
470,Rosado,75,84.78666666666666,13.28
471,Rosato,86,86.79069767441861,17.53488372093023
472,Rosé,3224,86.90539702233251,18.51861042183623
473,Roter Traminer,3,89.33333333333333,30.333333333333332
474,Roter Veltliner,8,90.0,37.125
475,Rotgipfler,20,90.0,27.2
476,Roussanne,167,88.49700598802396,28.20359281437126
477,Roussanne-Grenache Blanc,1,91.0,16.0
478,Roussanne-Marsanne,4,87.75,34.5
479,Roussanne-Viognier,13,89.15384615384616,31.307692307692307
480,Roviello,1,93.0,28.0
481,Ruché,12,86.83333333333333,26.666666666666668
482,Rufete,2,85.5,28.5
483,Ryzlink Rýnský,1,89.0,40.0
484,Sacy,1,87.0,19.0
485,Sagrantino,93,89.95698924731182,53.12903225806452
486,Sangiovese,2376,88.61489898989899,45.29419191919192
487,Sangiovese Cabernet,4,88.5,47.75
488,Sangiovese Grosso,589,90.80135823429542,65.63497453310696
489,Sangiovese-Cabernet Sauvignon,6,86.0,30.0
490,Sangiovese-Syrah,5,88.2,50.4
491,Saperavi,37,88.10810810810811,21.54054054054054
492,Saperavi-Merlot,2,87.0,17.5
493,Sauvignon,300,88.23,26.72
494,Sauvignon Blanc,4765,87.41448058761804,20.242812172088144
495,Sauvignon Blanc-Assyrtiko,1,92.0,20.0
496,Sauvignon Blanc-Chardonnay,6,88.16666666666667,21.666666666666668
497,Sauvignon Blanc-Chenin Blanc,4,86.75,16.0
498,Sauvignon Blanc-Semillon,68,88.16176470588235,27.058823529411764
499,Sauvignon Blanc-Verdejo,4,84.75,12.25
500,Sauvignon Gris,12,86.08333333333333,21.916666666666668
501,Sauvignon Musqué,1,87.0,18.0
502,Sauvignon-Sémillon,1,86.0,12.0
503,Sauvignonasse,1,90.0,25.0
504,Savagnin,15,89.86666666666666,43.733333333333334
505,Savatiano,2,88.0,17.5
506,Scheurebe,23,90.6086956521739,44.52173913043478
507,Schiava,23,88.17391304347827,19.043478260869566
508,Schwartzriesling,1,90.0,25.0
509,Sciaccerellu,3,88.66666666666667,37.333333333333336
510,Semillon-Chardonnay,5,85.6,12.4
511,Semillon-Sauvignon Blanc,52,88.46153846153847,29.557692307692307
512,Sercial,1,94.0,50.0
513,Seyval Blanc,14,84.14285714285714,19.214285714285715
514,Sherry,4,92.5,87.5
515,Shiraz,809,89.09394313967861,41.934487021013595
516,Shiraz-Cabernet,3,86.66666666666667,56.333333333333336
517,Shiraz-Cabernet Sauvignon,36,87.13888888888889,21.166666666666668
518,Shiraz-Grenache,15,89.66666666666667,28.266666666666666
519,Shiraz-Malbec,3,90.0,18.666666666666668
520,Shiraz-Mourvèdre,3,88.66666666666667,17.666666666666668
521,Shiraz-Roussanne,1,90.0,29.0
522,Shiraz-Tempranillo,2,82.0,8.5
523,Shiraz-Viognier,38,89.57894736842105,53.18421052631579
524,Sideritis,1,85.0,23.0
525,Siegerrebe,1,84.0,15.0
526,Silvaner,37,88.48648648648648,46.0
527,Silvaner-Traminer,1,86.0,25.0
528,Siria,11,87.36363636363636,14.272727272727273
529,Sirica,2,92.5,23.0
530,Sousão,8,88.125,36.75
531,Souzao,3,86.66666666666667,28.0
532,Sparkling Blend,865,89.43699421965317,40.653179190751445
533,Spätburgunder,70,90.05714285714286,60.97142857142857
534,St. Laurent,75,89.93333333333334,30.746666666666666
535,St. Vincent,1,85.0,24.0
536,Susumaniello,5,89.0,30.8
537,Sylvaner,46,88.43478260869566,22.130434782608695
538,Symphony,5,85.4,15.8
539,Syrah,4081,89.2947806910071,39.15045332026464
540,Syrah-Bonarda,1,87.0,13.0
541,Syrah-Cabernet,15,87.26666666666667,26.866666666666667
542,Syrah-Cabernet Franc,5,90.2,67.2
543,Syrah-Cabernet Sauvignon,37,89.29729729729729,45.13513513513514
544,Syrah-Carignan,4,89.75,22.75
545,Syrah-Grenache,57,88.70175438596492,28.87719298245614
546,Syrah-Grenache-Viognier,1,90.0,45.0
547,Syrah-Malbec,1,89.0,14.0
548,Syrah-Merlot,7,88.0,27.0
549,Syrah-Mourvèdre,20,89.25,32.05
550,Syrah-Petit Verdot,3,91.33333333333333,39.666666666666664
551,Syrah-Petite Sirah,16,89.75,40.6875
552,Syrah-Tempranillo,7,89.71428571428571,39.857142857142854
553,Syrah-Viognier,18,89.72222222222223,50.55555555555556
554,Sämling,2,88.5,35.5
555,Sémillon,131,88.13740458015268,24.61832061068702
556,Tamianka,1,89.0,20.0
557,Tamjanika,2,88.0,18.0
558,Tannat,167,88.73652694610779,33.209580838323355
559,Tannat-Cabernet,26,90.34615384615384,20.5
560,Tannat-Cabernet Franc,15,90.93333333333334,21.333333333333332
561,Tannat-Merlot,9,87.11111111111111,18.22222222222222
562,Tannat-Syrah,6,87.5,16.0
563,Tempranillo,1784,87.52802690582959,31.201793721973093
564,Tempranillo Blanco,9,83.66666666666667,29.11111111111111
565,Tempranillo Blend,581,88.27710843373494,35.91910499139415
566,Tempranillo-Cabernet Sauvignon,52,86.53846153846153,40.86538461538461
567,Tempranillo-Garnacha,32,85.1875,12.28125
568,Tempranillo-Merlot,6,85.5,21.666666666666668
569,Tempranillo-Shiraz,8,84.75,14.25
570,Tempranillo-Syrah,2,86.5,17.5
571,Tempranillo-Tannat,1,88.0,20.0
572,Teran,7,88.0,26.0
573,Teroldego,32,89.03125,32.53125
574,Teroldego Rotaliano,1,86.0,15.0
575,Terrantez,1,95.0,236.0
576,Thrapsathiri,1,88.0,25.0
577,Timorasso,5,90.6,41.6
578,Tinta Amarela,1,90.0,30.0
579,Tinta Barroca,4,87.75,26.5
580,Tinta Cao,2,90.0,14.0
581,Tinta Fina,11,87.9090909090909,30.0
582,Tinta Francisca,3,90.33333333333333,50.0
583,Tinta Madeira,1,89.0,45.0
584,Tinta Miúda,3,87.66666666666667,18.666666666666668
585,Tinta Negra Mole,1,92.0,112.0
586,Tinta Roriz,10,88.5,29.4
587,Tinta de Toro,165,89.58181818181818,45.35757575757576
588,Tinta del Pais,2,95.0,47.5
589,Tinta del Toro,3,86.33333333333333,23.333333333333332
590,Tintilia ,1,87.0,25.0
591,Tinto Fino,100,89.88,64.25
592,Tinto Velasco,1,85.0,9.0
593,Tinto del Pais,18,87.88888888888889,39.44444444444444
594,Tocai,9,88.0,21.333333333333332
595,Tocai Friulano,20,87.45,24.85
596,Tokaji,23,90.65217391304348,59.08695652173913
597,Tokay Pinot Gris,1,89.0,30.0
598,Torbato,2,91.0,20.0
599,Torontel,1,92.0,40.0
600,Torrontés,245,85.61224489795919,13.76734693877551
601,Touriga,3,89.33333333333333,45.666666666666664
602,Touriga Franca,7,88.57142857142857,27.0
603,Touriga Nacional,170,88.98823529411764,28.741176470588236
604,Touriga Nacional Blend,14,89.14285714285714,28.428571428571427
605,Touriga Nacional-Cabernet Sauvignon,26,88.07692307692308,14.038461538461538
606,Trajadura,1,86.0,7.0
607,Traminer,34,88.02941176470588,24.294117647058822
608,Traminette,9,85.0,15.11111111111111
609,Trebbiano,42,87.11904761904762,22.642857142857142
610,Trebbiano Spoletino,5,87.6,22.4
611,Trebbiano di Lugana,3,87.66666666666667,29.333333333333332
612,Treixadura,3,87.33333333333333,17.0
613,Trepat,7,89.0,24.714285714285715
614,Trincadeira,24,87.75,19.833333333333332
615,Trollinger,2,90.5,21.5
616,Trousseau,6,87.16666666666667,37.666666666666664
617,Trousseau Gris,3,90.0,23.666666666666668
618,Turbiana,146,88.8972602739726,23.89041095890411
619,Tămâioasă Românească,2,88.0,11.0
620,Ugni Blanc,3,90.66666666666667,27.0
621,Ugni Blanc-Colombard,9,85.77777777777777,10.88888888888889
622,Uva di Troia,13,87.6923076923077,24.46153846153846
623,Uvalino,2,88.0,29.0
624,Valdiguié,6,87.0,19.0
625,Valvin Muscat,1,87.0,13.0
626,Veltliner,4,90.0,29.5
627,Verdeca,5,86.2,15.6
628,Verdejo,290,86.32758620689656,16.141379310344828
629,Verdejo-Sauvignon Blanc,5,85.0,9.8
630,Verdejo-Viura,22,85.72727272727273,10.818181818181818
631,Verdelho,54,87.16666666666667,20.14814814814815
632,Verdicchio,159,87.83647798742139,21.82389937106918
633,Verdil,1,86.0,18.0
634,Verdosilla,1,84.0,17.0
635,Verduzzo,5,88.8,33.0
636,Verduzzo Friulano ,3,88.66666666666667,54.333333333333336
637,Vermentino,206,87.68932038834951,22.655339805825243
638,Vermentino Nero,1,88.0,45.0
639,Vernaccia,126,87.37301587301587,18.634920634920636
640,Vespaiolo,1,92.0,40.0
641,Vespolina,2,88.0,25.0
642,Vidadillo,1,89.0,24.0
643,Vidal,11,89.36363636363636,37.81818181818182
644,Vidal Blanc,54,87.03703703703704,35.44444444444444
645,Vignoles,10,85.5,18.8
646,Vilana,4,86.5,14.5
647,Vinhão,1,88.0,18.0
648,Viognier,984,87.77845528455285,26.100609756097562
649,Viognier-Chardonnay,8,85.0,20.5
650,Viognier-Gewürztraminer,2,86.0,15.0
651,Viognier-Grenache Blanc,3,89.66666666666667,32.0
652,Viognier-Marsanne,3,88.33333333333333,20.333333333333332
653,Viognier-Roussanne,7,88.0,25.714285714285715
654,Viognier-Valdiguié,1,84.0,17.0
655,Viosinho,5,88.4,23.4
656,Vitovska,3,90.33333333333333,64.33333333333333
657,Viura,105,85.28571428571429,15.295238095238096
658,Viura-Chardonnay,12,84.75,10.666666666666666
659,Viura-Verdejo,2,84.5,12.0
660,Vranec,4,86.75,16.0
661,Weissburgunder,39,89.61538461538461,26.17948717948718
662,Welschriesling,23,88.78260869565217,28.782608695652176
663,White Blend,2062,87.42725509214355,23.524248302618815
664,White Riesling,13,88.61538461538461,16.692307692307693
665,Xarel-lo,21,85.71428571428571,16.047619047619047
666,Xinisteri,1,89.0,20.0
667,Xinomavro,32,86.78125,22.5625
668,Xynisteri,2,87.0,18.5
669,Yapincak,2,85.5,18.0
670,Zibibbo,28,89.82142857142857,37.357142857142854
671,Zierfandler,12,90.08333333333333,32.583333333333336
672,Zierfandler-Rotgipfler,4,90.75,23.75
673,Zinfandel,2695,87.84638218923934,29.570686456400743
674,Zlahtina,2,86.0,14.5
675,Zweigelt,182,88.5,21.516483516483518
676,Çalkarası,2,86.5,19.0
677,Žilavka,1,88.0,15.0
